"date","EventProcessedUtcTime","PartitionId","EventEnqueuedUtcTime","metadata_deviceType","metadata_studentId","metadata_uid","telemetry_temperature","telemetry_pressure","telemetry_humidity","telemetry_windSpeed","telemetry_windDirection","IoTHub_ConnectionDeviceId"
2019-11-13T00:00:00.0000000,2019-11-13T05:54:16.2135062Z,1,2019-11-13T05:54:16.0920000Z,"WeatherStation","00434C67","DC60BCB3FB1801EE",35.700001,1010.250244,57.599998,12.599993,273,"CWF-MX-001"
2019-11-13T00:00:00.0000000,2019-11-13T05:54:46.4272235Z,1,2019-11-13T05:54:46.2060000Z,"WeatherStation","00434C67","0C990C7D2E3C2B53",35.5,1010.270508,58.099998,20.000004,283,"CWF-MX-001"
2019-11-13T00:00:00.0000000,2019-11-13T05:55:16.5606609Z,1,2019-11-13T05:55:16.4060000Z,"WeatherStation","00434C67","2BA4A8A35EC2CA7A",35.400002,1010.259766,58.099998,20.000004,283,"CWF-MX-001"
2019-11-13T00:00:00.0000000,2019-11-13T05:55:26.8620082Z,1,2019-11-13T05:55:26.6730000Z,"WeatherStation","00434C67","1133526F6CE26323",35.400002,1010.260742,57.599998,20.000004,282,"CWF-MX-001"
2019-11-13T00:00:00.0000000,2019-11-13T05:55:36.8302219Z,1,2019-11-13T05:55:36.7680000Z,"WeatherStation","00434C67","2BA4A8A35EC2CA7A",35.400002,1010.224854,57.799999,20.000004,283,"CWF-MX-001"
2019-11-13T00:00:00.0000000,2019-11-13T05:55:47.1283598Z,1,2019-11-13T05:55:46.9450000Z,"WeatherStation","00434C67","1133526F6CE26323",35.400002,1010.23877,57.700001,20.000004,282,"CWF-MX-001"
2019-11-13T00:00:00.0000000,2019-11-13T05:55:57.3090784Z,1,2019-11-13T05:55:57.1830000Z,"WeatherStation","00434C67","1133526F6CE26323",35.400002,1010.251221,57.700001,20.000004,282,"CWF-MX-001"
2019-11-13T00:00:00.0000000,2019-11-13T05:56:07.5088921Z,1,2019-11-13T05:56:07.4500000Z,"WeatherStation","00434C67","1133526F6CE26323",35.400002,1010.200195,57.700001,20.000004,282,"CWF-MX-001"
2019-11-13T00:00:00.0000000,2019-11-13T05:56:17.5790197Z,1,2019-11-13T05:56:17.4820000Z,"WeatherStation","00434C67","AA259D0441C99946",35.299999,1010.234131,57.799999,23.200016,283,"CWF-MX-001"
2019-11-13T00:00:00.0000000,2019-11-13T05:56:27.7629408Z,1,2019-11-13T05:56:27.6570000Z,"WeatherStation","00434C67","AA259D0441C99946",35.299999,1010.233398,58.299999,23.200016,283,"CWF-MX-001"
2019-11-13T00:00:00.0000000,2019-11-13T05:56:37.9607124Z,1,2019-11-13T05:56:37.8310000Z,"WeatherStation","00434C67","4A7D57B5AF6854B4",35.299999,1010.209473,58.200001,23.200016,282,"CWF-MX-001"
2019-11-13T00:00:00.0000000,2019-11-13T05:56:47.8308137Z,1,2019-11-13T05:56:47.8160000Z,"WeatherStation","00434C67","AA259D0441C99946",35.299999,1010.23999,58.400002,23.200016,283,"CWF-MX-001"
2019-11-13T00:00:00.0000000,2019-11-13T05:56:58.2447785Z,1,2019-11-13T05:56:58.1960000Z,"WeatherStation","00434C67","AA259D0441C99946",35.299999,1010.222656,58.400002,23.200016,283,"CWF-MX-001"
2019-11-13T00:00:00.0000000,2019-11-13T05:57:08.2210070Z,1,2019-11-13T05:57:08.1680000Z,"WeatherStation","00434C67","AA259D0441C99946",35.299999,1010.255371,58.599998,23.200016,283,"CWF-MX-001"
2019-11-13T00:00:00.0000000,2019-11-13T05:57:18.4135225Z,1,2019-11-13T05:57:18.3570000Z,"WeatherStation","00434C67","AA259D0441C99946",35.299999,1010.229492,58.599998,23.200016,283,"CWF-MX-001"
2019-11-13T00:00:00.0000000,2019-11-13T05:57:28.6000938Z,1,2019-11-13T05:57:28.5470000Z,"WeatherStation","00434C67","AA259D0441C99946",35.299999,1010.227539,58.700001,23.200016,283,"CWF-MX-001"
2019-11-13T00:00:00.0000000,2019-11-13T05:57:38.6694054Z,1,2019-11-13T05:57:38.5440000Z,"WeatherStation","00434C67","AA259D0441C99946",35.299999,1010.210938,59.299999,23.200016,283,"CWF-MX-001"
2019-11-13T00:00:00.0000000,2019-11-13T05:57:48.7704241Z,1,2019-11-13T05:57:48.7330000Z,"WeatherStation","00434C67","AA259D0441C99946",35.299999,1010.207275,58.799999,23.200016,283,"CWF-MX-001"
2019-11-13T00:00:00.0000000,2019-11-13T05:57:58.9744496Z,1,2019-11-13T05:57:58.9060000Z,"WeatherStation","00434C67","396F6628F2304D79",35.200001,1010.165039,58.799999,23.200016,282,"CWF-MX-001"
2019-11-13T00:00:00.0000000,2019-11-13T05:58:09.1693208Z,1,2019-11-13T05:58:09.0960000Z,"WeatherStation","00434C67","53667A1A61D0C03E",35.200001,1010.240967,59.099998,23.200016,283,"CWF-MX-001"
2019-11-13T00:00:00.0000000,2019-11-13T05:58:19.1524310Z,1,2019-11-13T05:58:19.0830000Z,"WeatherStation","00434C67","396F6628F2304D79",35.200001,1010.164062,59,23.200016,282,"CWF-MX-001"
2019-11-13T00:00:00.0000000,2019-11-13T05:58:29.3433616Z,1,2019-11-13T05:58:29.2710000Z,"WeatherStation","00434C67","8A9892E5B800ABA8",35.099998,1010.19043,59,23.200016,283,"CWF-MX-001"
2019-11-13T00:00:00.0000000,2019-11-13T05:58:39.5339877Z,1,2019-11-13T05:58:39.4790000Z,"WeatherStation","00434C67","8A9892E5B800ABA8",35.099998,1010.266846,59.200001,23.200016,283,"CWF-MX-001"
2019-11-13T00:00:00.0000000,2019-11-13T05:58:49.7227183Z,1,2019-11-13T05:58:49.6530000Z,"WeatherStation","00434C67","1E15680A80155645",35,1010.1875,59.299999,23.200016,283,"CWF-MX-001"
2019-11-13T00:00:00.0000000,2019-11-13T05:58:59.7428772Z,1,2019-11-13T05:58:59.6400000Z,"WeatherStation","00434C67","BED19ED18EA42F44",35.099998,1010.224854,59.299999,19.400002,282,"CWF-MX-001"
2019-11-13T00:00:00.0000000,2019-11-13T05:59:09.8684922Z,1,2019-11-13T05:59:09.8170000Z,"WeatherStation","00434C67","BA497B7870D09FF6",35,1010.228271,59.400002,19.400002,282,"CWF-MX-001"
2019-11-13T00:00:00.0000000,2019-11-13T05:59:30.2322187Z,1,2019-11-13T05:59:30.1850000Z,"WeatherStation","00434C67","BA497B7870D09FF6",35,1010.248291,59.400002,19.400002,282,"CWF-MX-001"
2019-11-13T00:00:00.0000000,2019-11-13T05:59:50.3057854Z,1,2019-11-13T05:59:50.2070000Z,"WeatherStation","00434C67","BED19ED18EA42F44",35.099998,1010.210449,59.200001,19.400002,282,"CWF-MX-001"
2019-11-13T00:00:00.0000000,2019-11-13T06:00:10.4608124Z,1,2019-11-13T06:00:10.3520000Z,"WeatherStation","00434C67","BA497B7870D09FF6",35,1010.19043,58.900002,19.400002,282,"CWF-MX-001"
2019-11-13T00:00:00.0000000,2019-11-13T06:00:30.7386922Z,1,2019-11-13T06:00:30.6990000Z,"WeatherStation","00434C67","6D4FC0A7DC297C21",35.200001,1010.165527,59,19.400002,283,"CWF-MX-001"
2019-11-13T00:00:00.0000000,2019-11-13T06:00:50.9955674Z,1,2019-11-13T06:00:50.8450000Z,"WeatherStation","00434C67","BED19ED18EA42F44",35.099998,1010.2146,59,19.400002,282,"CWF-MX-001"
2019-11-13T00:00:00.0000000,2019-11-13T06:01:11.0618912Z,1,2019-11-13T06:01:11.0250000Z,"WeatherStation","00434C67","BED19ED18EA42F44",35.099998,1010.22998,59.099998,19.400002,282,"CWF-MX-001"
2019-11-13T00:00:00.0000000,2019-11-13T06:01:31.3153173Z,1,2019-11-13T06:01:31.1800000Z,"WeatherStation","00434C67","BED19ED18EA42F44",35.099998,1010.196045,59.299999,19.400002,282,"CWF-MX-001"
2019-11-13T00:00:00.0000000,2019-11-13T06:01:51.3568647Z,1,2019-11-13T06:01:51.3310000Z,"WeatherStation","00434C67","20CF9ACA88828890",35.099998,1010.22583,59.200001,19.400002,283,"CWF-MX-001"
2019-11-13T00:00:00.0000000,2019-11-13T06:02:11.7435102Z,1,2019-11-13T06:02:11.6680000Z,"WeatherStation","00434C67","FE5C694F09CB02E3",35.200001,1010.196045,59.099998,19.400002,282,"CWF-MX-001"
2019-11-13T00:00:00.0000000,2019-11-13T06:02:31.8993430Z,1,2019-11-13T06:02:31.8130000Z,"WeatherStation","00434C67","833BDE5F067DD9C1",35.200001,1010.219238,59.200001,16.39999,283,"CWF-MX-001"
2019-11-13T00:00:00.0000000,2019-11-13T06:02:52.0490163Z,1,2019-11-13T06:02:52.0230000Z,"WeatherStation","00434C67","B626BF13EA2D1E1C",35.200001,1010.172363,59,16.39999,282,"CWF-MX-001"
2019-11-13T00:00:00.0000000,2019-11-13T06:03:12.2893278Z,1,2019-11-13T06:03:12.1610000Z,"WeatherStation","00434C67","4DA1520A6A7E0BDE",35.299999,1010.22168,59,16.39999,282,"CWF-MX-001"
2019-11-13T00:00:00.0000000,2019-11-13T06:03:32.5737165Z,1,2019-11-13T06:03:32.5100000Z,"WeatherStation","00434C67","66B5CDFB28BDEE30",35.400002,1010.170166,59,16.39999,282,"CWF-MX-001"
2019-11-13T00:00:00.0000000,2019-11-13T06:03:52.7628408Z,1,2019-11-13T06:03:52.6470000Z,"WeatherStation","00434C67","E2787C3F975AEC9D",35.5,1010.143799,58.700001,16.39999,283,"CWF-MX-001"
2019-11-13T00:00:00.0000000,2019-11-13T06:04:12.9731450Z,1,2019-11-13T06:04:12.8720000Z,"WeatherStation","00434C67","F77A182C41D5DDE4",35.5,1010.124023,58.400002,14.199991,283,"CWF-MX-001"
2019-11-13T00:00:00.0000000,2019-11-13T06:04:33.1543522Z,1,2019-11-13T06:04:33.0290000Z,"WeatherStation","00434C67","F1F52B23BF7C555A",35.400002,1010.155762,58.599998,14.199991,284,"CWF-MX-001"
2019-11-13T00:00:00.0000000,2019-11-13T06:05:03.2142625Z,1,2019-11-13T06:05:03.1300000Z,"WeatherStation","00434C67","313155AAD72CE705",35.299999,1010.141357,58.799999,14.199991,283,"CWF-MX-001"
2019-11-13T00:00:00.0000000,2019-11-13T06:05:33.3278596Z,1,2019-11-13T06:05:33.2450000Z,"WeatherStation","00434C67","B5F53347DD3ADC62",35.299999,1010.109863,58.900002,14.199991,284,"CWF-MX-001"
2019-11-13T00:00:00.0000000,2019-11-13T06:06:03.4712196Z,1,2019-11-13T06:06:03.4330000Z,"WeatherStation","00434C67","313155AAD72CE705",35.299999,1010.145752,58.900002,14.199991,283,"CWF-MX-001"
2019-11-13T00:00:00.0000000,2019-11-13T06:06:33.6665246Z,1,2019-11-13T06:06:33.5640000Z,"WeatherStation","00434C67","4D4FAA5B81B4416C",35.200001,1010.144775,59,12.199993,284,"CWF-MX-001"
2019-11-13T00:00:00.0000000,2019-11-13T06:07:03.7982531Z,1,2019-11-13T06:07:03.6710000Z,"WeatherStation","00434C67","1D7F5B82878E4CFD",35.099998,1010.112305,58.900002,12.199993,283,"CWF-MX-001"
2019-11-13T00:00:00.0000000,2019-11-13T06:07:33.8425722Z,1,2019-11-13T06:07:33.7570000Z,"WeatherStation","00434C67","1D7F5B82878E4CFD",35.099998,1010.139893,59,12.199993,283,"CWF-MX-001"
2019-11-13T00:00:00.0000000,2019-11-13T06:08:03.9998351Z,1,2019-11-13T06:08:03.9160000Z,"WeatherStation","00434C67","805AF305E144D1CF",35.099998,1010.11377,59,10.399995,284,"CWF-MX-001"
2019-11-13T00:00:00.0000000,2019-11-13T06:08:34.0831438Z,1,2019-11-13T06:08:34.0080000Z,"WeatherStation","00434C67","805AF305E144D1CF",35.099998,1010.147217,59,10.399995,284,"CWF-MX-001"
2019-11-13T00:00:00.0000000,2019-11-13T06:09:04.1404949Z,1,2019-11-13T06:09:04.0950000Z,"WeatherStation","00434C67","28B26350C45C140A",35.099998,1010.113037,58.900002,10.399995,283,"CWF-MX-001"
2019-11-13T00:00:00.0000000,2019-11-13T06:09:34.3543200Z,1,2019-11-13T06:09:34.2730000Z,"WeatherStation","00434C67","9B3B4CF8D25E7ADA",35.200001,1010.105225,58.599998,10.399995,283,"CWF-MX-001"
2019-11-13T00:00:00.0000000,2019-11-13T06:10:04.5009502Z,1,2019-11-13T06:10:04.3620000Z,"WeatherStation","00434C67","11A0AD1A7AC6FFF0",35.200001,1010.079834,58.5,9.399996,283,"CWF-MX-001"
2019-11-13T00:00:00.0000000,2019-11-13T06:10:34.5397444Z,1,2019-11-13T06:10:34.4120000Z,"WeatherStation","00434C67","4ED82F022DF04087",35.099998,1010.056641,58.400002,7.999997,283,"CWF-MX-001"
2019-11-13T00:00:00.0000000,2019-11-13T06:11:04.6570308Z,1,2019-11-13T06:11:04.5340000Z,"WeatherStation","00434C67","86133BC0E4000ADC",35.200001,1010.067871,58.299999,7.999997,283,"CWF-MX-001"
2019-11-13T00:00:00.0000000,2019-11-13T06:11:34.8800336Z,1,2019-11-13T06:11:34.8540000Z,"WeatherStation","00434C67","229CD6CA0EF853FC",35.099998,1010.030273,58.799999,6.199999,283,"CWF-MX-001"
2019-11-13T00:00:00.0000000,2019-11-13T06:12:05.0840699Z,1,2019-11-13T06:12:04.9460000Z,"WeatherStation","00434C67","A1F1EB089C38CCE6",35.099998,1009.999023,58.200001,5.599999,283,"CWF-MX-001"
2019-11-13T00:00:00.0000000,2019-11-13T06:12:35.1427044Z,1,2019-11-13T06:12:35.0340000Z,"WeatherStation","00434C67","A70C7AC7229C06C9",35,1010.050537,58.200001,5.599999,283,"CWF-MX-001"
2019-11-13T00:00:00.0000000,2019-11-13T06:13:05.2697952Z,1,2019-11-13T06:13:05.1990000Z,"WeatherStation","00434C67","A70C7AC7229C06C9",35,1010.005615,58.299999,5.599999,283,"CWF-MX-001"
2019-11-13T00:00:00.0000000,2019-11-13T06:13:35.4255749Z,1,2019-11-13T06:13:35.3160000Z,"WeatherStation","00434C67","A70C7AC7229C06C9",35,1010.043945,58.5,5.599999,283,"CWF-MX-001"
2019-11-13T00:00:00.0000000,2019-11-13T06:14:05.5458655Z,1,2019-11-13T06:14:05.4410000Z,"WeatherStation","00434C67","B2B4409B7E1C9BEE",35.200001,1010.061035,58.700001,5.599999,283,"CWF-MX-001"
2019-11-13T00:00:00.0000000,2019-11-13T06:14:35.8925661Z,1,2019-11-13T06:14:35.7630000Z,"WeatherStation","00434C67","52CEB04F27321B53",35.400002,1010.043457,58.599998,5.599999,284,"CWF-MX-001"
2019-11-13T00:00:00.0000000,2019-11-13T06:15:05.9915429Z,1,2019-11-13T06:15:05.9270000Z,"WeatherStation","00434C67","37F1AC8245D0FC05",35.200001,1010.075439,58.599998,12.999992,283,"CWF-MX-001"
2019-11-13T00:00:00.0000000,2019-11-13T06:15:36.2588550Z,1,2019-11-13T06:15:36.0620000Z,"WeatherStation","00434C67","7177BDA08DD0FD0A",35.099998,1010.030029,59.099998,12.999992,283,"CWF-MX-001"
2019-11-13T00:00:00.0000000,2019-11-13T06:16:06.1962784Z,1,2019-11-13T06:16:06.1300000Z,"WeatherStation","00434C67","3E22B00123B58B8C",35,1010.004883,58.900002,14.99999,283,"CWF-MX-001"
2019-11-13T00:00:00.0000000,2019-11-13T06:16:36.4377361Z,1,2019-11-13T06:16:36.2820000Z,"WeatherStation","00434C67","D80A13689D278933",35.099998,1009.994141,58.900002,14.99999,282,"CWF-MX-001"
2019-11-13T00:00:00.0000000,2019-11-13T06:17:06.5635388Z,1,2019-11-13T06:17:06.4680000Z,"WeatherStation","00434C67","D80A13689D278933",35.099998,1009.986572,59,14.99999,282,"CWF-MX-001"
2019-11-13T00:00:00.0000000,2019-11-13T06:17:36.7071462Z,1,2019-11-13T06:17:36.6040000Z,"WeatherStation","00434C67","1DE6C1722A3FBEC4",35,1010.006836,59,16.39999,274,"CWF-MX-001"
2019-11-13T00:00:00.0000000,2019-11-13T06:18:06.7637976Z,1,2019-11-13T06:18:06.7040000Z,"WeatherStation","00434C67","AA8ABCCCE1C20A8A",34.799999,1009.960205,59.5,16.39999,274,"CWF-MX-001"
2019-11-13T00:00:00.0000000,2019-11-13T06:18:26.9389198Z,1,2019-11-13T06:18:26.9190000Z,"WeatherStation","00434C67","35462CFA3C5B85D8",34.900002,1009.942871,59.599998,16.39999,274,"CWF-MX-001"
2019-11-13T00:00:00.0000000,2019-11-13T06:18:47.3435548Z,1,2019-11-13T06:18:47.2500000Z,"WeatherStation","00434C67","35462CFA3C5B85D8",34.900002,1009.906494,59.599998,16.39999,274,"CWF-MX-001"
2019-11-13T00:00:00.0000000,2019-11-13T06:19:07.5729216Z,1,2019-11-13T06:19:07.4470000Z,"WeatherStation","00434C67","AA8ABCCCE1C20A8A",34.799999,1009.995117,59.799999,16.39999,274,"CWF-MX-001"
2019-11-13T00:00:00.0000000,2019-11-13T06:19:27.7599291Z,1,2019-11-13T06:19:27.6580000Z,"WeatherStation","00434C67","AA8ABCCCE1C20A8A",34.799999,1009.938721,60,16.39999,274,"CWF-MX-001"
2019-11-13T00:00:00.0000000,2019-11-13T06:19:47.9145698Z,1,2019-11-13T06:19:47.7950000Z,"WeatherStation","00434C67","AA8ABCCCE1C20A8A",34.799999,1009.949707,60,16.39999,274,"CWF-MX-001"
2019-11-13T00:00:00.0000000,2019-11-13T06:20:08.2045663Z,1,2019-11-13T06:20:08.1580000Z,"WeatherStation","00434C67","EA20235BF50DD875",34.799999,1010.007324,60.299999,16.39999,273,"CWF-MX-001"
2019-11-13T00:00:00.0000000,2019-11-13T06:20:28.1482943Z,1,2019-11-13T06:20:28.1120000Z,"WeatherStation","00434C67","52F3615DC9B5852D",34.700001,1009.984131,60.400002,16.39999,274,"CWF-MX-001"
2019-11-13T00:00:00.0000000,2019-11-13T06:20:48.5551477Z,1,2019-11-13T06:20:48.4760000Z,"WeatherStation","00434C67","AA8ABCCCE1C20A8A",34.799999,1009.940674,60.400002,16.39999,274,"CWF-MX-001"
2019-11-13T00:00:00.0000000,2019-11-13T06:21:08.6736660Z,1,2019-11-13T06:21:08.6310000Z,"WeatherStation","00434C67","52F3615DC9B5852D",34.700001,1009.896729,60.900002,16.39999,274,"CWF-MX-001"
2019-11-13T00:00:00.0000000,2019-11-13T06:21:28.8819822Z,1,2019-11-13T06:21:28.8130000Z,"WeatherStation","00434C67","92B36AF5616A752F",34.599998,1009.955078,61.099998,16.39999,273,"CWF-MX-001"
2019-11-13T00:00:00.0000000,2019-11-13T06:21:49.2354581Z,1,2019-11-13T06:21:49.1620000Z,"WeatherStation","00434C67","52F3615DC9B5852D",34.700001,1009.965332,61.400002,16.39999,274,"CWF-MX-001"
2019-11-13T00:00:00.0000000,2019-11-13T06:22:09.5366954Z,1,2019-11-13T06:22:09.4010000Z,"WeatherStation","00434C67","9EF55D4F6AE53B31",34.599998,1009.976807,61.099998,16.39999,274,"CWF-MX-001"
2019-11-13T00:00:00.0000000,2019-11-13T06:22:29.6845333Z,1,2019-11-13T06:22:29.6270000Z,"WeatherStation","00434C67","8E2F5B1BF95E4CFC",34.5,1009.950439,61.5,18.599998,274,"CWF-MX-001"
2019-11-13T00:00:00.0000000,2019-11-13T06:22:50.0580160Z,1,2019-11-13T06:22:49.8970000Z,"WeatherStation","00434C67","8E2F5B1BF95E4CFC",34.5,1009.962402,61.700001,18.599998,274,"CWF-MX-001"
2019-11-13T00:00:00.0000000,2019-11-13T06:23:10.3253640Z,1,2019-11-13T06:23:10.3100000Z,"WeatherStation","00434C67","8E2F5B1BF95E4CFC",34.5,1009.966309,62.200001,18.599998,274,"CWF-MX-001"
2019-11-13T00:00:00.0000000,2019-11-13T06:23:30.5871415Z,1,2019-11-13T06:23:30.4480000Z,"WeatherStation","00434C67","369B55A48170F1D0",34.5,1009.987305,62.299999,18.599998,281,"CWF-MX-001"
2019-11-13T00:00:00.0000000,2019-11-13T06:23:50.9653709Z,1,2019-11-13T06:23:50.7950000Z,"WeatherStation","00434C67","2675DD29640E2D61",34.5,1009.93335,62.299999,18.599998,279,"CWF-MX-001"
2019-11-13T00:00:00.0000000,2019-11-13T06:24:11.0909505Z,1,2019-11-13T06:24:11.0170000Z,"WeatherStation","00434C67","4CE90CD84EC4AE64",34.700001,1009.976318,62.400002,18.599998,279,"CWF-MX-001"
2019-11-13T00:00:00.0000000,2019-11-13T06:24:31.3936620Z,1,2019-11-13T06:24:31.3550000Z,"WeatherStation","00434C67","3BF087A5CA7109CA",34.599998,1009.970459,62.400002,18.599998,279,"CWF-MX-001"
2019-11-13T00:00:00.0000000,2019-11-13T06:24:51.5915042Z,1,2019-11-13T06:24:51.5270000Z,"WeatherStation","00434C67","3BF087A5CA7109CA",34.599998,1010.00708,62.5,18.599998,279,"CWF-MX-001"
2019-11-13T00:00:00.0000000,2019-11-13T06:25:11.7280496Z,1,2019-11-13T06:25:11.7050000Z,"WeatherStation","00434C67","FC1E1C0E2DC709D1",34.599998,1010.009521,62.5,22.800014,279,"CWF-MX-001"
2019-11-13T00:00:00.0000000,2019-11-13T06:25:32.0338897Z,1,2019-11-13T06:25:31.9270000Z,"WeatherStation","00434C67","FC1E1C0E2DC709D1",34.599998,1009.98999,62.5,22.800014,279,"CWF-MX-001"
2019-11-13T00:00:00.0000000,2019-11-13T06:25:42.3457671Z,1,2019-11-13T06:25:42.1650000Z,"WeatherStation","00434C67","A63159E4B76660CC",34.599998,1009.967285,62.599998,22.800014,278,"CWF-MX-001"
2019-11-13T00:00:00.0000000,2019-11-13T06:25:52.4579943Z,1,2019-11-13T06:25:52.2770000Z,"WeatherStation","00434C67","FC1E1C0E2DC709D1",34.599998,1009.978516,62.400002,22.800014,279,"CWF-MX-001"
2019-11-13T00:00:00.0000000,2019-11-13T06:26:02.5388657Z,1,2019-11-13T06:26:02.4210000Z,"WeatherStation","00434C67","A63159E4B76660CC",34.599998,1009.983154,62.5,22.800014,278,"CWF-MX-001"
2019-11-13T00:00:00.0000000,2019-11-13T06:26:12.7575041Z,1,2019-11-13T06:26:12.5980000Z,"WeatherStation","00434C67","FC1E1C0E2DC709D1",34.599998,1009.952148,62.799999,22.800014,279,"CWF-MX-001"
2019-11-13T00:00:00.0000000,2019-11-13T06:26:22.8817216Z,1,2019-11-13T06:26:22.8500000Z,"WeatherStation","00434C67","22DC5025A76FA7A4",34.700001,1009.975098,62.400002,22.800014,278,"CWF-MX-001"
2019-11-13T00:00:00.0000000,2019-11-13T06:26:33.0906611Z,1,2019-11-13T06:26:33.0390000Z,"WeatherStation","00434C67","ADB44D54F5223925",34.700001,1010.005859,62.700001,22.800014,279,"CWF-MX-001"
2019-11-13T00:00:00.0000000,2019-11-13T06:26:43.3312081Z,1,2019-11-13T06:26:43.2450000Z,"WeatherStation","00434C67","ADB44D54F5223925",34.700001,1009.981689,62.599998,22.800014,279,"CWF-MX-001"
2019-11-13T00:00:00.0000000,2019-11-13T06:26:56.8369585Z,1,2019-11-13T06:26:56.7010000Z,"WeatherStation","00434C67","FC1E1C0E2DC709D1",34.599998,1009.935059,62.5,22.800014,279,"CWF-MX-001"
2019-11-13T00:00:00.0000000,2019-11-13T06:27:07.0301664Z,1,2019-11-13T06:27:06.9710000Z,"WeatherStation","00434C67","A63159E4B76660CC",34.599998,1009.953613,62.799999,22.800014,278,"CWF-MX-001"
2019-11-13T00:00:00.0000000,2019-11-13T06:27:17.2507560Z,1,2019-11-13T06:27:17.1480000Z,"WeatherStation","00434C67","22DC5025A76FA7A4",34.700001,1010.007324,62.799999,22.800014,278,"CWF-MX-001"
2019-11-13T00:00:00.0000000,2019-11-13T06:27:27.3483360Z,1,2019-11-13T06:27:27.1510000Z,"WeatherStation","00434C67","A63159E4B76660CC",34.599998,1009.927734,62.700001,22.800014,278,"CWF-MX-001"
2019-11-13T00:00:00.0000000,2019-11-13T06:27:37.5389403Z,1,2019-11-13T06:27:37.4350000Z,"WeatherStation","00434C67","A63159E4B76660CC",34.599998,1010.004395,63,22.800014,278,"CWF-MX-001"
2019-11-13T00:00:00.0000000,2019-11-13T06:27:47.7429154Z,1,2019-11-13T06:27:47.6260000Z,"WeatherStation","00434C67","22DC5025A76FA7A4",34.700001,1009.946533,63,22.800014,278,"CWF-MX-001"
2019-11-13T00:00:00.0000000,2019-11-13T06:27:57.6381514Z,1,2019-11-13T06:27:57.5970000Z,"WeatherStation","00434C67","FC1E1C0E2DC709D1",34.599998,1009.978516,63.200001,22.800014,279,"CWF-MX-001"
2019-11-13T00:00:00.0000000,2019-11-13T06:28:07.8290156Z,1,2019-11-13T06:28:07.7860000Z,"WeatherStation","00434C67","FC1E1C0E2DC709D1",34.599998,1009.968994,63.099998,22.800014,279,"CWF-MX-001"
2019-11-13T00:00:00.0000000,2019-11-13T06:28:18.0253708Z,1,2019-11-13T06:28:17.9920000Z,"WeatherStation","00434C67","FC1E1C0E2DC709D1",34.599998,1009.985352,63.299999,22.800014,279,"CWF-MX-001"
2019-11-13T00:00:00.0000000,2019-11-13T06:28:28.2378371Z,1,2019-11-13T06:28:28.1690000Z,"WeatherStation","00434C67","A63159E4B76660CC",34.599998,1009.980957,63.5,22.800014,278,"CWF-MX-001"
2019-11-13T00:00:00.0000000,2019-11-13T06:28:38.4249141Z,1,2019-11-13T06:28:38.3750000Z,"WeatherStation","00434C67","FC1E1C0E2DC709D1",34.599998,1009.933838,63.5,22.800014,279,"CWF-MX-001"
2019-11-13T00:00:00.0000000,2019-11-13T06:28:48.4941000Z,1,2019-11-13T06:28:48.3610000Z,"WeatherStation","00434C67","FC1E1C0E2DC709D1",34.599998,1009.987549,63.599998,22.800014,279,"CWF-MX-001"
2019-11-13T00:00:00.0000000,2019-11-13T06:28:58.4698842Z,1,2019-11-13T06:28:58.3630000Z,"WeatherStation","00434C67","A63159E4B76660CC",34.599998,1009.984131,63.599998,22.800014,278,"CWF-MX-001"
2019-11-13T00:00:00.0000000,2019-11-13T06:29:08.6305684Z,1,2019-11-13T06:29:08.6020000Z,"WeatherStation","00434C67","6407514EF792C800",34.5,1009.970703,63.700001,22.800014,278,"CWF-MX-001"
2019-11-13T00:00:00.0000000,2019-11-13T06:29:18.8586812Z,1,2019-11-13T06:29:18.8090000Z,"WeatherStation","00434C67","ACD921A7A92B7C42",34.5,1009.9646,63.799999,22.800014,279,"CWF-MX-001"
2019-11-13T00:00:00.0000000,2019-11-13T06:29:28.9271107Z,1,2019-11-13T06:29:28.8160000Z,"WeatherStation","00434C67","38D724112C48D4D8",34.400002,1009.958008,63.900002,22.800014,279,"CWF-MX-001"
2019-11-13T00:00:00.0000000,2019-11-13T06:29:39.0241225Z,1,2019-11-13T06:29:38.9810000Z,"WeatherStation","00434C67","ACD921A7A92B7C42",34.5,1009.939453,64,22.800014,279,"CWF-MX-001"
2019-11-13T00:00:00.0000000,2019-11-13T06:29:49.2159774Z,1,2019-11-13T06:29:49.1530000Z,"WeatherStation","00434C67","38D724112C48D4D8",34.400002,1009.943359,64,22.800014,279,"CWF-MX-001"
2019-11-13T00:00:00.0000000,2019-11-13T06:29:59.2141340Z,1,2019-11-13T06:29:59.1410000Z,"WeatherStation","00434C67","ACD921A7A92B7C42",34.5,1009.984619,64.199997,22.800014,279,"CWF-MX-001"
2019-11-13T00:00:00.0000000,2019-11-13T06:30:09.4061397Z,1,2019-11-13T06:30:09.3310000Z,"WeatherStation","00434C67","38D724112C48D4D8",34.400002,1009.990234,64.199997,22.800014,279,"CWF-MX-001"
2019-11-13T00:00:00.0000000,2019-11-13T06:30:19.5841620Z,1,2019-11-13T06:30:19.5210000Z,"WeatherStation","00434C67","21FE5089932310E7",34.299999,1010.001709,64.199997,22.800014,279,"CWF-MX-001"
2019-11-13T00:00:00.0000000,2019-11-13T06:30:29.7714239Z,1,2019-11-13T06:30:29.7260000Z,"WeatherStation","00434C67","01E9C887B1046FC9",34.299999,1009.990723,64.300003,22.800014,278,"CWF-MX-001"
2019-11-13T00:00:00.0000000,2019-11-13T06:30:39.9823113Z,1,2019-11-13T06:30:39.9000000Z,"WeatherStation","00434C67","21FE5089932310E7",34.299999,1009.9104,64.300003,22.800014,279,"CWF-MX-001"
2019-11-13T00:00:00.0000000,2019-11-13T06:30:49.9634822Z,1,2019-11-13T06:30:49.8860000Z,"WeatherStation","00434C67","01E9C887B1046FC9",34.299999,1009.915039,64.300003,22.800014,278,"CWF-MX-001"
2019-11-13T00:00:00.0000000,2019-11-13T06:31:00.1594206Z,1,2019-11-13T06:31:00.1060000Z,"WeatherStation","00434C67","C1D6408562ACE7E8",34.299999,1009.934814,64.599998,19,279,"CWF-MX-001"
2019-11-13T00:00:00.0000000,2019-11-13T06:31:10.1542412Z,1,2019-11-13T06:31:10.1090000Z,"WeatherStation","00434C67","ACC097FD7E5E0488",34.299999,1009.931885,64.400002,19,280,"CWF-MX-001"
2019-11-13T00:00:00.0000000,2019-11-13T06:31:30.4826857Z,1,2019-11-13T06:31:30.4610000Z,"WeatherStation","00434C67","ACC097FD7E5E0488",34.299999,1009.941162,64.599998,19,280,"CWF-MX-001"
2019-11-13T00:00:00.0000000,2019-11-13T06:31:50.6762645Z,1,2019-11-13T06:31:50.5840000Z,"WeatherStation","00434C67","ACC097FD7E5E0488",34.299999,1009.975342,64.5,19,280,"CWF-MX-001"
2019-11-13T00:00:00.0000000,2019-11-13T06:32:10.8660285Z,1,2019-11-13T06:32:10.7470000Z,"WeatherStation","00434C67","ACC097FD7E5E0488",34.299999,1009.928711,64.599998,19,280,"CWF-MX-001"
2019-11-13T00:00:00.0000000,2019-11-13T06:32:31.0673679Z,1,2019-11-13T06:32:30.9600000Z,"WeatherStation","00434C67","CA701EF6CEE44F03",34.400002,1009.948486,64.699997,19,280,"CWF-MX-001"
2019-11-13T00:00:00.0000000,2019-11-13T06:32:51.1551386Z,1,2019-11-13T06:32:51.0790000Z,"WeatherStation","00434C67","8E9E45AC5DBF2AE9",34.5,1009.955322,64.599998,19,280,"CWF-MX-001"
2019-11-13T00:00:00.0000000,2019-11-13T06:33:11.5479150Z,1,2019-11-13T06:33:11.4480000Z,"WeatherStation","00434C67","CA701EF6CEE44F03",34.400002,1009.94751,64.400002,19,280,"CWF-MX-001"
2019-11-13T00:00:00.0000000,2019-11-13T06:33:31.7110825Z,1,2019-11-13T06:33:31.6410000Z,"WeatherStation","00434C67","CA701EF6CEE44F03",34.400002,1009.917725,64.300003,19,280,"CWF-MX-001"
2019-11-13T00:00:00.0000000,2019-11-13T06:33:51.9249097Z,1,2019-11-13T06:33:51.8050000Z,"WeatherStation","00434C67","CA701EF6CEE44F03",34.400002,1009.910889,64.300003,19,280,"CWF-MX-001"
2019-11-13T00:00:00.0000000,2019-11-13T06:34:12.0150337Z,1,2019-11-13T06:34:11.9790000Z,"WeatherStation","00434C67","ACC097FD7E5E0488",34.299999,1009.969971,64.699997,19,280,"CWF-MX-001"
2019-11-13T00:00:00.0000000,2019-11-13T06:34:32.2007873Z,1,2019-11-13T06:34:32.1570000Z,"WeatherStation","00434C67","ACC097FD7E5E0488",34.299999,1009.907471,64.599998,19,280,"CWF-MX-001"
2019-11-13T00:00:00.0000000,2019-11-13T06:34:52.4059609Z,1,2019-11-13T06:34:52.3200000Z,"WeatherStation","00434C67","E68B9FA4FD5FBA92",34.200001,1009.876953,64.599998,19,280,"CWF-MX-001"
2019-11-13T00:00:00.0000000,2019-11-13T06:35:12.7505920Z,1,2019-11-13T06:35:12.6510000Z,"WeatherStation","00434C67","E68B9FA4FD5FBA92",34.200001,1009.908203,64.699997,19,280,"CWF-MX-001"
2019-11-13T00:00:00.0000000,2019-11-13T06:35:32.8292065Z,1,2019-11-13T06:35:32.7960000Z,"WeatherStation","00434C67","E68B9FA4FD5FBA92",34.200001,1009.907959,64.599998,19,280,"CWF-MX-001"
2019-11-13T00:00:00.0000000,2019-11-13T06:35:53.1167036Z,1,2019-11-13T06:35:53.0100000Z,"WeatherStation","00434C67","E68B9FA4FD5FBA92",34.200001,1009.886475,65,19,280,"CWF-MX-001"
2019-11-13T00:00:00.0000000,2019-11-13T06:36:13.2509144Z,1,2019-11-13T06:36:13.2030000Z,"WeatherStation","00434C67","D01C7D1E4D865C8E",34.200001,1009.889648,65.099998,13.399992,280,"CWF-MX-001"
2019-11-13T00:00:00.0000000,2019-11-13T06:36:33.6337571Z,1,2019-11-13T06:36:33.5880000Z,"WeatherStation","00434C67","3B8A69C0545D2F54",34.099998,1009.879395,65.199997,13.399992,280,"CWF-MX-001"
2019-11-13T00:00:00.0000000,2019-11-13T06:37:03.7742154Z,1,2019-11-13T06:37:03.7180000Z,"WeatherStation","00434C67","0CEE9F1F24A25A57",34.099998,1009.868896,65.199997,13.399992,279,"CWF-MX-001"
2019-11-13T00:00:00.0000000,2019-11-13T06:37:33.8553526Z,1,2019-11-13T06:37:33.8100000Z,"WeatherStation","00434C67","3B8A69C0545D2F54",34.099998,1009.863037,65.400002,13.399992,280,"CWF-MX-001"
2019-11-13T00:00:00.0000000,2019-11-13T06:38:04.0417690Z,1,2019-11-13T06:38:03.9180000Z,"WeatherStation","00434C67","CD50240C3FCE26A9",34.200001,1009.882568,65.400002,10.999994,280,"CWF-MX-001"
2019-11-13T00:00:00.0000000,2019-11-13T06:38:34.1285591Z,1,2019-11-13T06:38:34.0390000Z,"WeatherStation","00434C67","816D62684EF3196E",34.099998,1009.838135,65.400002,10.999994,280,"CWF-MX-001"
2019-11-13T00:00:00.0000000,2019-11-13T06:39:04.2625284Z,1,2019-11-13T06:39:04.2090000Z,"WeatherStation","00434C67","CD50240C3FCE26A9",34.200001,1009.868408,65.5,10.999994,280,"CWF-MX-001"
2019-11-13T00:00:00.0000000,2019-11-13T06:39:34.3570841Z,1,2019-11-13T06:39:34.3130000Z,"WeatherStation","00434C67","816D62684EF3196E",34.099998,1009.90625,65.599998,10.999994,280,"CWF-MX-001"
2019-11-13T00:00:00.0000000,2019-11-13T06:40:04.4751994Z,1,2019-11-13T06:40:04.4160000Z,"WeatherStation","00434C67","816D62684EF3196E",34.099998,1009.875732,65.599998,10.999994,280,"CWF-MX-001"
2019-11-13T00:00:00.0000000,2019-11-13T06:40:34.6790417Z,1,2019-11-13T06:40:34.5650000Z,"WeatherStation","00434C67","72E473005FE0A3F9",34.099998,1009.877197,65.900002,8.599997,280,"CWF-MX-001"
2019-11-13T00:00:00.0000000,2019-11-13T06:41:04.7196972Z,1,2019-11-13T06:41:04.6790000Z,"WeatherStation","00434C67","678C875525D5A6FB",34.200001,1009.936279,65.699997,8.599997,280,"CWF-MX-001"
2019-11-13T00:00:00.0000000,2019-11-13T06:41:34.8704292Z,1,2019-11-13T06:41:34.7790000Z,"WeatherStation","00434C67","678C875525D5A6FB",34.200001,1009.937256,65.5,8.599997,280,"CWF-MX-001"
2019-11-13T00:00:00.0000000,2019-11-13T06:42:04.9256615Z,1,2019-11-13T06:42:04.8330000Z,"WeatherStation","00434C67","8735763EB2A6BEE4",34.099998,1009.904053,65.699997,14.599991,280,"CWF-MX-001"
2019-11-13T00:00:00.0000000,2019-11-13T06:42:35.0970053Z,1,2019-11-13T06:42:35.0340000Z,"WeatherStation","00434C67","286970BED1264253",34.099998,1009.921143,65.599998,14.599991,281,"CWF-MX-001"
2019-11-13T00:00:00.0000000,2019-11-13T06:43:05.2443177Z,1,2019-11-13T06:43:05.1530000Z,"WeatherStation","00434C67","4A8364099703AD80",34.099998,1009.923096,65.599998,15.99999,281,"CWF-MX-001"
2019-11-13T00:00:00.0000000,2019-11-13T06:43:35.3211000Z,1,2019-11-13T06:43:35.2550000Z,"WeatherStation","00434C67","2ED51D419BE02603",34,1009.887451,65.699997,15.99999,280,"CWF-MX-001"
2019-11-13T00:00:00.0000000,2019-11-13T06:43:55.6868590Z,1,2019-11-13T06:43:55.5870000Z,"WeatherStation","00434C67","2ED51D419BE02603",34,1009.893799,65.599998,15.99999,280,"CWF-MX-001"
2019-11-13T00:00:00.0000000,2019-11-13T06:44:15.7915299Z,1,2019-11-13T06:44:15.7610000Z,"WeatherStation","00434C67","2ED51D419BE02603",34,1009.869629,65.699997,15.99999,280,"CWF-MX-001"
2019-11-13T00:00:00.0000000,2019-11-13T06:44:35.9808139Z,1,2019-11-13T06:44:35.8920000Z,"WeatherStation","00434C67","19211FB791E24E8F",33.900002,1009.894043,65.800003,15.99999,280,"CWF-MX-001"
2019-11-13T00:00:00.0000000,2019-11-13T06:44:56.0620807Z,1,2019-11-13T06:44:56.0230000Z,"WeatherStation","00434C67","A651DBC840181C16",34,1009.883057,66,23.200016,280,"CWF-MX-001"
2019-11-13T00:00:00.0000000,2019-11-13T06:45:16.4822148Z,1,2019-11-13T06:45:16.3910000Z,"WeatherStation","00434C67","96565C9AD19D311D",34,1009.881348,65.900002,23.200016,278,"CWF-MX-001"
2019-11-13T00:00:00.0000000,2019-11-13T06:45:26.4787183Z,1,2019-11-13T06:45:26.3770000Z,"WeatherStation","00434C67","96565C9AD19D311D",34,1009.847656,65.900002,23.200016,278,"CWF-MX-001"
2019-11-13T00:00:00.0000000,2019-11-13T06:45:36.7015870Z,1,2019-11-13T06:45:36.5820000Z,"WeatherStation","00434C67","96565C9AD19D311D",34,1009.810059,65.900002,23.200016,278,"CWF-MX-001"
2019-11-13T00:00:00.0000000,2019-11-13T06:45:46.7063916Z,1,2019-11-13T06:45:46.6140000Z,"WeatherStation","00434C67","703CDD195726F04A",33.900002,1009.856934,66,23.200016,278,"CWF-MX-001"
2019-11-13T00:00:00.0000000,2019-11-13T06:45:56.8966660Z,1,2019-11-13T06:45:56.7900000Z,"WeatherStation","00434C67","703CDD195726F04A",33.900002,1009.914307,66,23.200016,278,"CWF-MX-001"
2019-11-13T00:00:00.0000000,2019-11-13T06:46:07.0837741Z,1,2019-11-13T06:46:06.9650000Z,"WeatherStation","00434C67","F0B9A736BEA4405D",33.799999,1009.883057,66,23.200016,278,"CWF-MX-001"
2019-11-13T00:00:00.0000000,2019-11-13T06:46:18.0313066Z,1,2019-11-13T06:46:17.9590000Z,"WeatherStation","00434C67","F0B9A736BEA4405D",33.799999,1009.845703,66.199997,23.200016,278,"CWF-MX-001"
